USE vk;
/* Задание 1
   Заполнить все таблицы БД vk данными (по 10-100 записей в каждой таблице)
*/
-- Внизу файла. Генерировал через http://filldb.info/

/* Задание 2
   Написать скрипт, возвращающий список имен (только firstname) пользователей
   без повторений в алфавитном порядке
 */
SELECT DISTINCT firstname FROM users ORDER BY firstname;
/* Задание 3
   Написать скрипт, отмечающий несовершеннолетних пользователей как неактивных
   (поле is_active = false). Предварительно добавить такое поле в таблицу profiles
   со значением по умолчанию = true (или 1)
 */
ALTER TABLE profiles ADD COLUMN is_active BOOLEAN DEFAULT 'true';
UPDATE profiles SET is_active = FALSE WHERE TIMESTAMPDIFF(YEAR, birthday, NOW()) - (DATE_FORMAT(NOW(), '%m%d') < DATE_FORMAT(birthday, '%m%d')) < 18;
-- Нет варианта попроще?...
/* Задание 4
   Написать скрипт, удаляющий сообщения «из будущего» (дата больше сегодняшней)
 */
SELECT * FROM messages WHERE created_at > NOW();

-- Сам скрипт INSERT

use vk;

-- Generation time: Sun, 13 Dec 2020 15:06:00 +0000
-- Host: mysql.hostinger.ro
-- DB name: u574849695_24
/*!40030 SET NAMES UTF8 */;
/*!40101 SET @OLD_CHARACTER_SET_CLIENT=@@CHARACTER_SET_CLIENT */;
/*!40101 SET @OLD_CHARACTER_SET_RESULTS=@@CHARACTER_SET_RESULTS */;
/*!40101 SET @OLD_COLLATION_CONNECTION=@@COLLATION_CONNECTION */;
/*!40103 SET @OLD_TIME_ZONE=@@TIME_ZONE */;
/*!40103 SET TIME_ZONE='+00:00' */;
/*!40014 SET @OLD_UNIQUE_CHECKS=@@UNIQUE_CHECKS, UNIQUE_CHECKS=0 */;
/*!40014 SET @OLD_FOREIGN_KEY_CHECKS=@@FOREIGN_KEY_CHECKS, FOREIGN_KEY_CHECKS=0 */;
/*!40101 SET @OLD_SQL_MODE=@@SQL_MODE, SQL_MODE='NO_AUTO_VALUE_ON_ZERO' */;
/*!40111 SET @OLD_SQL_NOTES=@@SQL_NOTES, SQL_NOTES=0 */;

DROP TABLE IF EXISTS `communities`;
CREATE TABLE `communities` (
  `id` bigint(20) unsigned NOT NULL AUTO_INCREMENT,
  `name` varchar(150) COLLATE utf8_unicode_ci DEFAULT NULL,
  `admin_user_id` bigint(20) unsigned NOT NULL,
  UNIQUE KEY `id` (`id`),
  KEY `communities_name_idx` (`name`),
  KEY `admin_user_id` (`admin_user_id`),
  CONSTRAINT `communities_ibfk_1` FOREIGN KEY (`admin_user_id`) REFERENCES `users` (`id`)
) ENGINE=InnoDB AUTO_INCREMENT=101 DEFAULT CHARSET=utf8 COLLATE=utf8_unicode_ci;

INSERT INTO `communities` VALUES ('1','modi','101'),
('2','rerum','102'),
('3','magnam','104'),
('4','quo','106'),
('5','recusandae','107'),
('6','voluptas','109'),
('7','optio','112'),
('8','necessitatibus','114'),
('9','et','116'),
('10','quas','117'),
('11','doloremque','118'),
('12','iusto','119'),
('13','voluptatem','120'),
('14','optio','121'),
('15','ullam','123'),
('16','repellendus','124'),
('17','neque','125'),
('18','nesciunt','126'),
('19','molestiae','128'),
('20','ut','129'),
('21','enim','131'),
('22','quia','132'),
('23','est','134'),
('24','perspiciatis','135'),
('25','voluptas','137'),
('26','dolorem','138'),
('27','in','140'),
('28','placeat','141'),
('29','aut','142'),
('30','deserunt','143'),
('31','animi','144'),
('32','provident','147'),
('33','vero','148'),
('34','possimus','149'),
('35','nemo','150'),
('36','voluptatem','151'),
('37','sint','153'),
('38','consequatur','155'),
('39','temporibus','156'),
('40','id','157'),
('41','laborum','158'),
('42','dolores','160'),
('43','quia','164'),
('44','sequi','165'),
('45','et','166'),
('46','quos','167'),
('47','nisi','168'),
('48','animi','169'),
('49','velit','171'),
('50','quae','173'),
('51','debitis','174'),
('52','omnis','177'),
('53','ut','185'),
('54','qui','188'),
('55','et','189'),
('56','alias','190'),
('57','ut','192'),
('58','sunt','194'),
('59','modi','195'),
('60','soluta','198'),
('61','et','199'),
('62','consequatur','200'),
('63','commodi','101'),
('64','tempore','102'),
('65','nesciunt','104'),
('66','et','106'),
('67','repellat','107'),
('68','ut','109'),
('69','id','112'),
('70','molestiae','114'),
('71','et','116'),
('72','incidunt','117'),
('73','ipsum','118'),
('74','enim','119'),
('75','et','120'),
('76','consequatur','121'),
('77','aut','123'),
('78','at','124'),
('79','et','125'),
('80','labore','126'),
('81','sint','128'),
('82','veniam','129'),
('83','omnis','131'),
('84','sed','132'),
('85','consequatur','134'),
('86','nobis','135'),
('87','ea','137'),
('88','totam','138'),
('89','asperiores','140'),
('90','aperiam','141'),
('91','corrupti','142'),
('92','ut','143'),
('93','mollitia','144'),
('94','eius','147'),
('95','inventore','148'),
('96','voluptatibus','149'),
('97','eos','150'),
('98','perferendis','151'),
('99','quam','153'),
('100','quam','155');


DROP TABLE IF EXISTS `friend_requests`;
CREATE TABLE `friend_requests` (
  `initiator_user_id` bigint(20) unsigned NOT NULL,
  `target_user_id` bigint(20) unsigned NOT NULL,
  `status` enum('requested','approved','unfriended','declined') COLLATE utf8_unicode_ci DEFAULT NULL,
  `requested_at` datetime DEFAULT current_timestamp(),
  `updated_at` datetime DEFAULT NULL ON UPDATE current_timestamp(),
  PRIMARY KEY (`initiator_user_id`,`target_user_id`),
  KEY `target_user_id` (`target_user_id`),
  CONSTRAINT `friend_requests_ibfk_1` FOREIGN KEY (`initiator_user_id`) REFERENCES `users` (`id`),
  CONSTRAINT `friend_requests_ibfk_2` FOREIGN KEY (`target_user_id`) REFERENCES `users` (`id`)
) ENGINE=InnoDB DEFAULT CHARSET=utf8 COLLATE=utf8_unicode_ci;

INSERT INTO `friend_requests` VALUES ('101','101','unfriended','1990-03-14 05:25:15','1992-08-19 16:58:15'),
('102','102','requested','2011-06-01 04:09:41','2012-02-09 02:44:20'),
('104','104','declined','1993-04-24 23:42:33','2010-07-05 02:07:21'),
('106','106','unfriended','1991-09-02 18:30:31','1990-08-15 20:47:04'),
('107','107','requested','2001-11-08 04:29:16','1998-12-09 13:08:45'),
('109','109','approved','1979-02-10 19:27:06','1974-01-22 16:13:30'),
('112','112','approved','2019-02-12 10:25:20','1971-04-27 16:38:04'),
('114','114','requested','1998-10-22 19:55:10','1974-02-24 06:55:37'),
('116','116','requested','1982-03-22 22:43:57','2015-11-10 13:09:44'),
('117','117','unfriended','2004-05-23 11:53:56','1976-06-14 00:29:02'),
('118','118','requested','2017-05-24 16:49:52','1977-01-30 17:25:48'),
('119','119','declined','1985-06-16 04:10:44','1975-06-26 13:11:14'),
('120','120','approved','1987-05-04 17:07:53','1972-11-09 21:45:36'),
('121','121','approved','1991-04-07 20:16:56','2008-01-31 14:33:17'),
('123','123','declined','1997-01-21 21:06:38','2020-08-16 12:05:45'),
('124','124','unfriended','1994-08-11 18:02:01','2002-08-13 21:25:21'),
('125','125','unfriended','2008-08-23 16:06:09','2016-07-22 00:02:15'),
('126','126','approved','2014-12-29 21:32:19','1988-09-20 18:18:06'),
('128','128','approved','1979-10-17 23:51:06','1988-02-25 04:50:46'),
('129','129','unfriended','2020-10-04 11:31:53','2007-03-16 02:05:39'),
('131','131','approved','1984-04-29 11:44:52','1991-06-21 18:02:32'),
('132','132','declined','1974-12-08 17:26:52','2010-10-04 02:55:38'),
('134','134','unfriended','2009-12-27 10:12:22','2017-03-30 07:31:43'),
('135','135','requested','2016-02-23 15:02:39','2002-10-22 03:20:57'),
('137','137','requested','1976-06-24 04:51:11','2011-12-30 00:01:59'),
('138','138','approved','2005-07-14 13:02:48','2005-09-12 06:08:38'),
('140','140','unfriended','2009-05-10 15:01:31','1973-03-26 23:59:38'),
('141','141','declined','1985-06-30 12:22:16','1976-10-08 05:01:31'),
('142','142','approved','2015-08-08 20:28:53','2015-05-31 12:17:35'),
('143','143','unfriended','1970-12-11 19:42:43','1991-12-31 22:40:26'),
('144','144','approved','1976-09-27 16:57:18','1972-11-22 01:36:52'),
('147','147','approved','1974-07-16 23:03:01','2013-07-11 08:47:18'),
('148','148','approved','1981-05-04 10:02:33','2000-04-04 19:48:49'),
('149','149','approved','2004-08-06 14:58:49','1990-03-07 20:01:18'),
('150','150','unfriended','2015-11-22 19:36:22','1986-04-24 02:48:35'),
('151','151','unfriended','1988-05-27 01:19:40','1985-09-28 03:49:41'),
('153','153','approved','1994-11-16 11:35:13','2008-04-22 19:35:22'),
('155','155','requested','1971-11-13 10:25:14','2007-09-05 22:04:28'),
('156','156','unfriended','2020-09-17 22:35:18','1995-05-23 08:29:56'),
('157','157','unfriended','1997-11-08 16:14:24','1976-11-17 08:16:36'),
('158','158','declined','1986-12-24 06:23:09','2014-03-17 15:29:23'),
('160','160','declined','1997-07-11 00:51:35','1981-07-04 17:43:29'),
('164','164','unfriended','2006-08-05 09:42:14','2020-04-24 06:39:51'),
('165','165','requested','1983-12-17 13:04:30','2019-08-14 20:31:09'),
('166','166','approved','1989-03-18 02:11:24','2017-08-06 09:09:03'),
('167','167','unfriended','1994-10-02 23:00:01','1980-06-05 02:24:12'),
('168','168','unfriended','2015-08-22 02:07:09','2000-07-21 17:34:08'),
('169','169','approved','2009-12-01 02:42:10','2003-02-14 19:27:33'),
('171','171','requested','1986-12-03 05:02:48','2011-04-30 13:24:44'),
('173','173','approved','1988-02-23 11:24:54','2005-01-02 03:17:43'),
('174','174','approved','2007-02-05 08:40:44','2004-07-28 08:54:50'),
('177','177','approved','1971-12-03 09:56:20','1986-07-01 05:23:21'),
('185','185','approved','2012-08-01 08:54:28','1970-11-01 21:54:55'),
('188','188','approved','1977-12-18 16:44:49','1973-10-06 17:39:53'),
('189','189','unfriended','1998-01-26 05:57:17','1970-11-15 17:09:08'),
('190','190','approved','1997-03-18 17:35:20','1991-08-14 22:37:54'),
('192','192','requested','2018-11-13 05:57:04','2006-11-01 11:41:28'),
('194','194','declined','1994-05-05 12:01:36','2005-02-28 17:16:41'),
('195','195','unfriended','1978-02-04 14:05:26','1979-05-14 15:36:34'),
('198','198','approved','1979-10-08 09:02:55','1999-02-23 11:06:51'),
('199','199','requested','1996-02-09 13:53:53','1999-01-15 12:44:39'),
('200','200','unfriended','2019-06-24 17:04:28','1992-08-04 08:14:56');


DROP TABLE IF EXISTS `likes`;
CREATE TABLE `likes` (
  `id` bigint(20) unsigned NOT NULL AUTO_INCREMENT,
  `user_id` bigint(20) unsigned NOT NULL,
  `media_id` bigint(20) unsigned NOT NULL,
  `created_at` datetime DEFAULT current_timestamp(),
  UNIQUE KEY `id` (`id`)
) ENGINE=InnoDB AUTO_INCREMENT=101 DEFAULT CHARSET=utf8 COLLATE=utf8_unicode_ci;

INSERT INTO `likes` VALUES ('1','101','1','1982-05-05 14:49:22'),
('2','102','2','1980-09-18 14:06:18'),
('3','104','3','2006-06-24 21:13:49'),
('4','106','4','2007-09-20 19:48:17'),
('5','107','5','1988-04-17 10:45:08'),
('6','109','6','2012-05-04 01:10:34'),
('7','112','7','2020-09-11 07:51:26'),
('8','114','8','1993-11-03 20:03:59'),
('9','116','9','2020-11-16 18:42:00'),
('10','117','10','2009-08-27 22:52:14'),
('11','118','11','1992-09-24 14:19:10'),
('12','119','12','1981-04-17 02:39:37'),
('13','120','13','1971-12-23 13:31:42'),
('14','121','14','1995-02-12 22:26:17'),
('15','123','15','1982-05-22 16:44:20'),
('16','124','16','2018-08-15 19:23:35'),
('17','125','17','2014-11-29 14:31:44'),
('18','126','18','1970-06-16 10:40:06'),
('19','128','19','2004-05-25 22:57:10'),
('20','129','20','1970-05-14 18:11:20'),
('21','131','21','1982-06-15 22:53:16'),
('22','132','22','1993-08-12 10:20:52'),
('23','134','23','1986-02-19 14:21:46'),
('24','135','24','2009-12-31 13:27:09'),
('25','137','25','2010-10-22 04:38:23'),
('26','138','26','2015-11-04 03:26:05'),
('27','140','27','2011-03-24 07:52:51'),
('28','141','28','1999-10-28 11:51:51'),
('29','142','29','2002-11-12 10:21:48'),
('30','143','30','2012-02-10 00:07:31'),
('31','144','31','2011-01-25 08:28:31'),
('32','147','32','2015-04-28 10:53:44'),
('33','148','33','1980-06-28 22:04:30'),
('34','149','34','2014-06-15 13:01:57'),
('35','150','35','1970-06-30 14:11:45'),
('36','151','36','1991-12-30 12:13:45'),
('37','153','37','2019-05-23 19:11:47'),
('38','155','38','2014-02-20 18:45:19'),
('39','156','39','1996-08-28 03:55:16'),
('40','157','40','1976-02-24 06:25:01'),
('41','158','41','1982-07-05 22:01:52'),
('42','160','42','1987-09-15 08:43:28'),
('43','164','43','2009-03-09 11:17:13'),
('44','165','44','2013-03-16 17:08:43'),
('45','166','45','1998-03-03 08:20:27'),
('46','167','46','1974-01-28 19:06:53'),
('47','168','47','1991-01-25 10:24:05'),
('48','169','48','2008-12-22 05:33:37'),
('49','171','49','1982-08-18 21:07:23'),
('50','173','50','1994-10-17 07:31:36'),
('51','174','51','1975-02-14 23:34:28'),
('52','177','52','1979-01-27 06:36:16'),
('53','185','53','1976-09-19 09:06:00'),
('54','188','54','2000-09-12 19:36:14'),
('55','189','55','1987-10-06 03:15:09'),
('56','190','56','1997-04-02 17:47:42'),
('57','192','57','1989-03-07 19:12:50'),
('58','194','58','1994-03-22 19:00:56'),
('59','195','59','2019-08-02 10:39:57'),
('60','198','60','1997-09-21 21:40:31'),
('61','199','61','1986-01-30 07:44:48'),
('62','200','62','1971-05-22 13:47:20'),
('63','101','63','1982-03-05 13:42:49'),
('64','102','64','1995-08-03 17:09:37'),
('65','104','65','1989-09-18 23:38:39'),
('66','106','66','2013-07-17 01:45:22'),
('67','107','67','1988-05-17 08:12:02'),
('68','109','68','2015-12-29 05:47:27'),
('69','112','69','2000-07-12 16:32:14'),
('70','114','70','2002-04-22 11:25:47'),
('71','116','71','2016-01-24 22:17:49'),
('72','117','72','1977-10-23 22:46:37'),
('73','118','73','1973-01-31 21:20:39'),
('74','119','74','1984-07-29 04:41:09'),
('75','120','75','2006-11-03 07:45:02'),
('76','121','76','1984-06-06 11:41:17'),
('77','123','77','1984-12-31 22:22:27'),
('78','124','78','1970-08-26 16:35:38'),
('79','125','79','1983-11-13 23:08:28'),
('80','126','80','1984-12-30 01:52:29'),
('81','128','81','1993-07-08 22:30:19'),
('82','129','82','2008-02-17 22:02:24'),
('83','131','83','2003-07-12 09:30:48'),
('84','132','84','2013-03-26 07:12:48'),
('85','134','85','1978-06-14 08:14:36'),
('86','135','86','1973-06-29 04:12:58'),
('87','137','87','2017-11-19 04:23:37'),
('88','138','88','1998-03-12 08:11:08'),
('89','140','89','1990-11-08 00:09:38'),
('90','141','90','2008-02-11 08:12:59'),
('91','142','91','2020-01-29 11:24:51'),
('92','143','92','1993-11-28 07:31:50'),
('93','144','93','1977-11-13 05:33:51'),
('94','147','94','1978-07-31 20:39:16'),
('95','148','95','1971-08-19 17:22:02'),
('96','149','96','1997-08-02 20:03:54'),
('97','150','97','2009-02-12 19:25:18'),
('98','151','98','1975-06-19 21:16:15'),
('99','153','99','1979-04-18 02:02:44'),
('100','155','100','2019-04-01 05:48:01');


DROP TABLE IF EXISTS `media`;
CREATE TABLE `media` (
  `id` bigint(20) unsigned NOT NULL AUTO_INCREMENT,
  `media_type_id` bigint(20) unsigned NOT NULL,
  `user_id` bigint(20) unsigned NOT NULL,
  `body` text COLLATE utf8_unicode_ci DEFAULT NULL,
  `filename` varchar(255) COLLATE utf8_unicode_ci DEFAULT NULL,
  `size` int(11) DEFAULT NULL,
  `metadata` longtext CHARACTER SET utf8mb4 COLLATE utf8mb4_bin DEFAULT NULL CHECK (json_valid(`metadata`)),
  `created_at` datetime DEFAULT current_timestamp(),
  `updated_at` datetime DEFAULT NULL ON UPDATE current_timestamp(),
  UNIQUE KEY `id` (`id`),
  KEY `user_id` (`user_id`),
  KEY `media_type_id` (`media_type_id`),
  CONSTRAINT `media_ibfk_1` FOREIGN KEY (`user_id`) REFERENCES `users` (`id`),
  CONSTRAINT `media_ibfk_2` FOREIGN KEY (`media_type_id`) REFERENCES `media_types` (`id`)
) ENGINE=InnoDB AUTO_INCREMENT=101 DEFAULT CHARSET=utf8 COLLATE=utf8_unicode_ci;

INSERT INTO `media` VALUES ('1','1','101','Enim eum et vel officia repudiandae dolores sequi. Quo et unde ducimus ad consequatur facilis modi. Facilis rerum ad inventore. Ut labore veniam deleniti quae.','dolorem','374254',NULL,'2009-01-20 15:16:40','1995-06-03 07:57:26'),
('2','2','102','Sed eos quas iusto. Est quas velit optio exercitationem. Rerum nemo omnis molestiae voluptas.','eveniet','91792',NULL,'2016-03-10 12:17:06','1987-04-09 01:39:27'),
('3','3','104','Id nobis nostrum adipisci. Et quidem id repellendus nisi eius.','laboriosam','1551',NULL,'1991-11-21 02:12:11','1992-12-23 06:29:03'),
('4','4','106','Unde quidem veritatis quia rem et sed doloremque et. Commodi impedit non error non ab mollitia. Sequi non ducimus molestiae tenetur. Saepe harum dolorem laborum et aut a nobis velit.','praesentium','9',NULL,'1974-04-05 14:30:26','1999-02-14 06:57:45'),
('5','1','107','Maiores doloribus sed est minima voluptatem quia. Qui delectus corporis nihil quidem natus perferendis illo. Hic ea atque culpa quia est.','iure','86',NULL,'2013-07-05 08:42:11','2002-08-27 06:35:21'),
('6','2','109','Aut dolore aut accusantium. Quo nostrum dolore incidunt quibusdam consequatur aut natus maiores. Non cupiditate quo quidem omnis.','rerum','999155061',NULL,'1985-02-01 09:37:20','1984-07-27 10:09:42'),
('7','3','112','Fugit recusandae ea maiores maxime pariatur. Voluptatem ut libero eligendi incidunt enim sed. Corporis sit hic voluptatibus minima non. Omnis eligendi itaque autem architecto.','quidem','88',NULL,'2016-04-22 08:03:23','2004-10-11 00:06:42'),
('8','4','114','Et odio dolore incidunt quia veniam. Quam rerum enim odio et.','dignissimos','198147',NULL,'1980-05-17 22:59:40','2016-05-02 01:46:39'),
('9','1','116','Inventore sapiente ut fuga veritatis et non. Aut est nostrum eius sequi. Minus non et non placeat. Quae omnis repellat enim deleniti consequatur.','iste','174',NULL,'1974-09-27 21:25:39','2010-12-17 23:53:04'),
('10','2','117','Quod quae rem quaerat totam. Vero debitis et doloremque dolorem ex. Sit labore et culpa.','consequatur','8227254',NULL,'2017-07-29 01:15:12','2015-09-07 03:35:12'),
('11','3','118','Quis atque sunt expedita qui qui. Aut ea repudiandae eligendi est magni quidem. Provident est et natus ad et nisi.','sequi','6560',NULL,'2004-08-17 14:47:28','1994-03-15 05:21:17'),
('12','4','119','Sunt quae omnis sequi porro in. Quia et eius et reprehenderit facilis ad in. Doloribus quidem aut id quae. Aut expedita doloribus perspiciatis consequatur. Perspiciatis sed et enim voluptatem non.','sed','712358',NULL,'1972-11-21 09:23:57','1972-08-20 08:54:03'),
('13','1','120','Illo sunt porro numquam laboriosam quisquam voluptates. Ducimus aliquam sit dicta velit occaecati. Vitae excepturi vero et ullam. Non est inventore quia voluptate quaerat.','quam','1936',NULL,'2009-03-24 10:43:05','1973-06-25 03:20:04'),
('14','2','121','Aut delectus voluptatem tempora expedita. Et repellat voluptatem at itaque cumque quis sed. Optio sed quo culpa. Perspiciatis nesciunt non deleniti eligendi aut amet commodi aliquid.','doloribus','8003543',NULL,'1980-09-19 09:18:42','1982-02-13 02:04:20'),
('15','3','123','Ut ut at aut aut autem. Placeat enim velit laboriosam facere. Impedit distinctio consectetur nostrum et aut. Rem et itaque ratione.','et','0',NULL,'1992-02-16 10:16:42','2014-02-25 23:42:54'),
('16','4','124','Rerum doloribus labore libero dignissimos exercitationem et. Incidunt dolorem quo consequatur architecto. Optio qui corrupti unde qui dolorum quo. Distinctio labore facere officiis quia eos omnis.','et','428714',NULL,'1994-01-12 14:36:30','1976-08-01 11:11:03'),
('17','1','125','Nobis error culpa quia corrupti animi possimus ipsam. Commodi qui iure assumenda vitae. Id voluptatem minima vero temporibus.','consequatur','0',NULL,'2019-05-27 01:23:06','2007-02-18 11:12:02'),
('18','2','126','Voluptas necessitatibus modi non quia. Exercitationem modi dolorem adipisci eos id tempora. Omnis omnis tempora iste eum repellat. Qui totam distinctio voluptate.','ea','154966',NULL,'1997-06-01 00:46:28','1983-06-16 15:10:53'),
('19','3','128','Nostrum laborum sapiente minus eligendi quae quod impedit. Voluptas est quos cumque eaque facilis soluta omnis corrupti. Exercitationem est quidem mollitia vel est consectetur et. Qui atque unde ea eligendi voluptatem voluptatum sed ut.','ullam','96',NULL,'1977-08-22 22:12:24','1970-08-14 18:08:46'),
('20','4','129','Aut voluptas velit autem sed voluptatum sed. Unde sed reprehenderit iste aliquam et est. Amet ullam voluptatem nisi occaecati quaerat sequi et autem. Est magnam in quibusdam quo qui deleniti ipsum.','deleniti','51286',NULL,'1994-12-09 21:01:31','1999-01-10 06:54:59'),
('21','1','131','Veritatis voluptatem recusandae ea. Dolorem quasi fuga nostrum qui iure aut necessitatibus quos. Veritatis dolores molestias nisi officia minima et ut. Ad eum inventore rerum aut quis.','est','6',NULL,'2005-09-24 08:39:46','2018-10-09 11:56:28'),
('22','2','132','Atque tempore et ut et voluptas corrupti. Non et ut similique. Repellendus molestiae doloribus qui porro.','odit','4487524',NULL,'2008-11-27 04:57:11','1996-11-02 09:59:16'),
('23','3','134','Consectetur dolor quia exercitationem ab consequatur. Et et vel et voluptate nisi. Est commodi dolore sit repellat.','rerum','1',NULL,'1997-06-26 19:40:29','2009-08-23 07:08:25'),
('24','4','135','Esse iste autem non dicta ut et. Mollitia enim est in nihil quas. Ut voluptates at quis et eos.','sequi','83761537',NULL,'1990-02-17 23:23:09','2013-08-15 10:11:49'),
('25','1','137','Laboriosam eum ut nam voluptates. Facilis perspiciatis ea tempora aut reiciendis pariatur. Tempora impedit necessitatibus eveniet quaerat nulla beatae odit.','quasi','1469709',NULL,'2015-02-01 09:25:38','1972-06-17 19:44:05'),
('26','2','138','Ex non accusantium sit temporibus reiciendis. Totam consectetur tenetur nihil aperiam quae rerum tempore. Sed impedit consequuntur eum quae quas veritatis.','in','26',NULL,'1983-11-11 12:32:31','1979-06-25 18:14:16'),
('27','3','140','Aut alias a molestiae atque sed quidem. Dignissimos deleniti provident voluptas qui molestiae ut consequatur doloribus. Sit laudantium non et consectetur quae aut dolores saepe.','corrupti','2',NULL,'1981-08-06 16:12:24','1990-07-09 04:44:56'),
('28','4','141','Quos maxime eum exercitationem a. Aut voluptatem aut sint cum itaque. Perferendis ut temporibus id numquam. Veniam molestiae et quia fugiat natus minus.','voluptas','8836755',NULL,'1994-06-25 20:44:45','2019-08-24 20:39:17'),
('29','1','142','Consequatur dolor non ipsa. Voluptatem dolor eveniet ullam doloremque. Dolor rem fugit qui aut sit sit.','quo','103',NULL,'1977-01-01 08:33:07','1974-05-30 06:37:37'),
('30','2','143','Voluptas voluptatem ipsam quod itaque. Et dolores adipisci et maiores. Nostrum est dolorem tenetur sunt commodi. Facilis sunt quia quaerat vel.','aut','11',NULL,'2017-07-27 00:31:43','1978-08-03 14:30:08'),
('31','3','144','Quia explicabo tempore ut ab sapiente laboriosam labore. Quae occaecati incidunt magni inventore ipsum adipisci unde. Perspiciatis dolorem nesciunt sed placeat sint odio id. Voluptates laborum illum et soluta quis.','illum','483519',NULL,'1994-04-29 03:02:12','1994-01-05 20:44:14'),
('32','4','147','Et quos ad sequi quasi at. Illum omnis culpa incidunt nemo cum mollitia. Commodi dolorum quod omnis.','fugit','287',NULL,'1987-04-18 19:14:03','2019-09-08 12:35:59'),
('33','1','148','Ipsa et officia libero voluptatem et qui dicta. Laborum quod sed molestiae iusto. Delectus labore non eligendi tenetur enim voluptatem quod qui. Impedit vel animi consequuntur nesciunt sit.','vitae','23254',NULL,'2002-01-20 04:40:26','2005-01-11 09:52:06'),
('34','2','149','Iusto officiis maxime sunt impedit eum possimus accusamus. Qui quas quas facilis et eos veniam commodi laborum.','ex','21',NULL,'2006-01-05 17:39:31','2018-07-05 23:28:38'),
('35','3','150','Error dolores et ipsam culpa cupiditate qui numquam. Laboriosam perspiciatis voluptatem et quod voluptatem.','at','2547693',NULL,'1971-12-28 02:12:24','2020-05-10 14:00:41'),
('36','4','151','Non at dolores veniam nesciunt occaecati. Odit est aut hic exercitationem maiores odit. Necessitatibus omnis sed qui ipsam. Labore aut iusto sed eligendi aut molestiae voluptatibus.','id','8',NULL,'1990-12-24 20:24:50','1980-10-14 02:23:57'),
('37','1','153','Quia cumque eum ad ex. Et quo sed voluptas. Soluta maxime odio aliquam.','et','5',NULL,'1974-02-08 00:01:53','2012-08-11 20:14:38'),
('38','2','155','Quae et distinctio itaque vitae. Tempore quos voluptatem ex quia. Amet ipsam quos magnam non soluta nihil delectus. Consequatur odit qui dignissimos exercitationem enim.','a','409515',NULL,'1997-04-01 13:51:34','1973-05-06 20:42:08'),
('39','3','156','Suscipit provident officiis molestiae ipsa pariatur. Sint ut voluptatem aperiam. Quisquam necessitatibus sed voluptatum suscipit.','eos','417744489',NULL,'2007-05-14 10:54:12','2007-10-31 07:08:37'),
('40','4','157','Consequuntur aspernatur magni amet sed omnis. Sit voluptas quasi et sapiente modi veritatis. Velit aut odio blanditiis neque et facere ab.','rerum','8',NULL,'1974-02-12 11:56:41','2009-12-01 14:17:04'),
('41','1','158','Animi omnis et rerum maxime eius sequi. Minus ullam cumque dolor. Totam provident esse aut est. Suscipit velit est consequuntur molestiae praesentium. Unde facere minus eos velit.','labore','5993',NULL,'1980-01-21 07:01:56','2005-12-18 04:07:08'),
('42','2','160','Modi doloribus optio enim rem velit atque. Quisquam impedit et non aspernatur assumenda. Mollitia dolore perspiciatis sint. Aliquid voluptatum enim aut eius esse.','ut','699',NULL,'2019-08-18 10:30:48','1972-09-12 07:35:17'),
('43','3','164','Distinctio voluptatem non provident itaque laudantium ad. At incidunt veritatis non officiis error deserunt qui. Omnis iusto dolor ullam sed aliquam quo alias accusantium. Excepturi ut autem labore vel est quo.','reiciendis','27866546',NULL,'1972-02-11 13:15:44','1981-04-07 21:08:04'),
('44','4','165','Magnam sed accusamus sint aut eius. Labore quod dolorum dolorem quos. Amet id pariatur totam quis.','libero','4155284',NULL,'2014-01-09 00:20:04','2019-07-02 01:19:04'),
('45','1','166','Vero aut repellendus qui et non amet culpa. Numquam veniam qui modi optio in nesciunt consequatur illum. Nostrum aperiam et non provident.','ipsum','0',NULL,'2008-08-09 19:15:36','1983-08-28 23:59:32'),
('46','2','167','Repellat est eum omnis placeat occaecati ipsam enim. Non possimus vero qui recusandae. Magnam dolore quia aliquam eum. Autem molestias excepturi vero iste.','ad','11346',NULL,'2005-04-23 12:10:39','1996-01-05 15:18:44'),
('47','3','168','Aut sequi unde voluptatem quaerat voluptatem dicta. Non voluptas qui soluta ut facere optio quia distinctio. Facere saepe sint qui et. Beatae et laudantium vero quae nihil autem dicta.','illo','36459668',NULL,'1994-08-23 08:31:14','1997-07-09 06:10:11'),
('48','4','169','Non iusto est iste sed ullam velit ut. Quos libero minima quia saepe ducimus voluptatem. Minus ea minima in facilis.','reiciendis','182397527',NULL,'2002-05-09 06:42:11','2020-02-17 09:07:15'),
('49','1','171','Aut ab quasi est aut in. Aut id quo ipsum omnis repellendus molestiae. Incidunt quisquam occaecati veritatis totam iste. Aliquid rerum ut aspernatur.','recusandae','3',NULL,'1980-08-10 16:00:53','1998-06-04 02:44:41'),
('50','2','173','Quibusdam dolores eius ea qui corrupti quod. Natus dolor nesciunt enim id veniam odit ab. Voluptates officia non enim et fugit facere. Nihil aliquam quis est tempora est.','iure','3297342',NULL,'2020-10-05 23:58:33','2008-02-13 18:05:34'),
('51','3','174','Occaecati sequi numquam consequuntur eligendi ut quidem. Totam et nam facere quia et dolor. Magni magni delectus ipsam hic. Omnis ea facilis illo et suscipit maiores cumque.','sapiente','9',NULL,'1983-04-24 06:31:15','1973-08-06 12:10:25'),
('52','4','177','Consequatur praesentium ad facere molestiae iste reiciendis et fuga. Magni commodi numquam quam ipsum dolor. Ullam exercitationem aliquid aut.','officiis','165634008',NULL,'1971-10-04 14:55:30','2009-06-01 17:12:15'),
('53','1','185','Vitae sed optio impedit numquam voluptate sed laudantium earum. Totam dolorum nam mollitia quam sit. Molestiae eveniet temporibus quod omnis qui.','tenetur','32143114',NULL,'1974-07-17 16:59:37','1971-05-24 20:05:48'),
('54','2','188','Perspiciatis est ipsam fugiat tempore porro. Ducimus qui voluptatem iusto earum qui laboriosam. Doloribus alias eius unde exercitationem harum repellat dolor. Repellat corrupti quo eveniet consequuntur.','qui','492180',NULL,'1971-03-14 23:16:39','1988-03-25 18:42:04'),
('55','3','189','Illum id unde asperiores voluptatem cumque. Placeat et soluta quo. Possimus quisquam possimus eos repellendus.','inventore','94651',NULL,'1997-01-24 07:37:01','2014-04-09 10:02:26'),
('56','4','190','Impedit eius iure commodi veritatis voluptatem. In error error rerum consequatur occaecati voluptas. Rerum quas aut voluptas quo aliquam.','ut','5',NULL,'2011-07-26 08:40:54','1999-04-15 14:56:49'),
('57','1','192','Soluta maiores nihil sed voluptatem quibusdam saepe. Molestiae aperiam corporis est soluta. Ut ut et nihil. Blanditiis sequi libero commodi est.','distinctio','9269978',NULL,'1992-01-18 00:34:27','1981-01-20 21:33:31'),
('58','2','194','Quia facere maxime iusto minus dolor facere suscipit. Autem adipisci ad inventore qui. Rerum cupiditate unde voluptatem voluptatum nostrum laboriosam. Velit expedita aperiam est qui eum cupiditate.','debitis','0',NULL,'1987-08-17 11:59:09','1972-01-03 22:41:43'),
('59','3','195','Nam rerum aliquam blanditiis eos possimus qui beatae aut. Sint eum at odio. Totam rerum deserunt ut qui porro. Et nihil placeat commodi repellendus qui ut.','dolorem','2876',NULL,'2000-09-30 07:15:01','1997-03-18 20:22:21'),
('60','4','198','Cum nemo veritatis placeat laboriosam. Aliquid culpa est sed quia.','voluptatem','73881663',NULL,'1970-07-28 12:34:16','1988-07-25 08:30:26'),
('61','1','199','Qui quam laborum omnis sit explicabo. Quisquam voluptates id eveniet eveniet asperiores consequuntur ut. Sint voluptas assumenda omnis qui magnam impedit. Aut vel tenetur maxime omnis voluptas iste. Reiciendis ab consequuntur laborum in.','qui','898265',NULL,'2008-11-17 09:48:51','1977-09-09 10:03:10'),
('62','2','200','Neque veritatis omnis dolorem deleniti laborum. Quidem ea rerum dolor ipsam labore earum vel. Voluptate necessitatibus harum qui quis quae libero a.','non','887600',NULL,'1989-01-01 04:33:39','2012-05-06 10:32:49'),
('63','3','101','Doloribus maxime officiis itaque voluptate sit consectetur debitis. Rem explicabo aut libero est eius et laboriosam. Id et non esse qui id enim numquam.','labore','3823',NULL,'1991-02-19 05:45:35','2005-08-06 07:01:35'),
('64','4','102','Magnam a eius cupiditate saepe deleniti. Rerum nihil eaque et.','et','964',NULL,'1976-06-27 06:43:19','1986-12-04 18:03:53'),
('65','1','104','Quos ut laboriosam alias ex. Dolorem est molestiae itaque perspiciatis. Velit ullam ut odio neque.','est','238626',NULL,'2001-04-08 14:53:35','1976-01-21 19:03:34'),
('66','2','106','Est aspernatur facilis dolorem quibusdam officia accusamus. Blanditiis enim sit inventore. Veritatis doloribus cum aut sint at eum ut.','dolores','6131283',NULL,'2001-06-26 09:52:59','1979-09-04 23:37:39'),
('67','3','107','Quis veniam non quisquam ea. Doloremque a perspiciatis nam voluptatem harum excepturi incidunt. Id qui eveniet voluptatem ullam voluptatum doloremque ratione.','aliquid','0',NULL,'1973-06-05 05:19:51','2009-12-27 01:41:03'),
('68','4','109','Qui et et qui sint in magnam. Quo minima doloremque et nisi ut fugiat. Non sed illum omnis. Ullam saepe eos magnam dolor repellat omnis quas.','et','9604980',NULL,'1979-07-24 09:11:51','2011-07-01 06:21:23'),
('69','1','112','Suscipit autem in et nemo. Ipsum cumque corrupti magnam fuga. Voluptatem veniam enim natus harum.','et','27398247',NULL,'2000-01-02 18:32:17','1973-07-09 18:33:31'),
('70','2','114','Quos non eligendi ab omnis magnam magnam. Ullam necessitatibus ut itaque soluta. Dolorem dolorem sequi voluptas aut ut.','corporis','2869',NULL,'2016-02-08 01:23:03','1985-10-18 22:05:18'),
('71','3','116','Et quidem nemo quas cumque sint sunt ut. Nesciunt esse deleniti et cumque veniam. Sed consectetur ex dolor quae.','quia','1895968',NULL,'1995-09-24 17:10:29','2013-05-31 20:27:50'),
('72','4','117','Dignissimos ex voluptas unde voluptatibus est aliquam. Commodi quod laborum enim ut ea.','quia','228283',NULL,'1981-08-05 08:17:54','1970-04-06 06:30:46'),
('73','1','118','Dolore et facilis vero hic in veritatis. Numquam iure fuga commodi magnam. Mollitia vel accusantium exercitationem similique. Dolore ut fugiat architecto placeat.','est','3290453',NULL,'2011-05-30 10:38:35','1979-09-29 17:42:55'),
('74','2','119','Voluptas id facilis aperiam nihil. Dolorem repellendus voluptatem non eum. Id autem minus vero aut. Consectetur consequatur soluta officiis nesciunt quia voluptatem aut repellat.','itaque','893432574',NULL,'2002-01-30 19:41:35','2012-02-09 18:21:41'),
('75','3','120','Dolor sunt nam et ea. Aut enim quia delectus ea consequuntur. Illum iste et quod vero reiciendis tempore illo. Quis fugiat quo illo et nobis.','adipisci','864',NULL,'1976-04-22 22:04:02','1974-05-22 23:32:48'),
('76','4','121','Eius debitis et est animi quo et. Assumenda qui impedit alias quia vitae.','maiores','596423013',NULL,'1971-10-21 18:47:30','2005-11-07 09:57:06'),
('77','1','123','Ut ipsa odit incidunt eos quidem officia. Aut qui in et. Voluptatibus perferendis quos hic tempore labore.','voluptas','348',NULL,'2018-08-24 16:47:41','2011-11-10 19:00:02'),
('78','2','124','Aut rerum animi ea. Amet commodi consequatur tenetur. Animi ab temporibus omnis laudantium enim iste dolorem. Nesciunt soluta sequi suscipit qui.','beatae','0',NULL,'1983-11-12 15:57:46','2007-01-08 02:06:21'),
('79','3','125','Enim illo debitis est voluptatem. Explicabo saepe libero fuga tenetur nihil ex ut. Facere tempore ratione est et excepturi aut. Voluptatum magnam doloremque qui aut enim est.','voluptatem','597353',NULL,'1970-01-13 23:23:53','2010-09-27 23:05:53'),
('80','4','126','Beatae aut qui est. Et illum corporis eaque consequuntur id. Voluptatem architecto omnis est a quasi quis. Occaecati consequatur et dignissimos soluta.','quaerat','7',NULL,'1988-03-17 20:14:03','1982-10-09 22:20:09'),
('81','1','128','Laboriosam delectus consequuntur corrupti non et illo a. Eius odit ullam et natus ex qui ipsum.','officia','1755757',NULL,'2020-01-18 19:40:25','1988-04-17 23:52:01'),
('82','2','129','Ad fugit ea ea dolore maiores natus. Similique a iste voluptatem sunt ipsa veritatis sit.','et','9986969',NULL,'2004-07-01 11:31:21','1984-06-15 04:22:19'),
('83','3','131','Aut sint autem ut ut. Aliquid nam consequatur error. Et non quod earum sed quasi qui labore ullam. Quis qui provident debitis voluptatem culpa.','perspiciatis','4684843',NULL,'1986-05-18 20:09:27','1977-12-11 01:32:41'),
('84','4','132','Dolore maiores eum ut repudiandae incidunt quis cum. Dolorum tenetur asperiores rerum est repellendus et distinctio. In ut vel nostrum illum ut atque.','eligendi','694',NULL,'2000-05-29 14:10:02','1978-07-15 00:22:47'),
('85','1','134','Alias occaecati illo et aperiam voluptate magnam distinctio. Odit quaerat consequatur laudantium doloribus suscipit fugit dolores. Est ipsa omnis autem aut maiores et quod. Ea inventore aut nihil laboriosam.','sapiente','605480',NULL,'2016-03-12 12:28:17','1976-09-30 06:34:57'),
('86','2','135','Aut ut in et accusamus. Autem aut repudiandae illum dolor aut rerum. In nihil quis natus eum in alias autem. Eos temporibus repellendus ratione et voluptatum nemo sed.','nostrum','3',NULL,'2002-05-09 05:58:18','1973-01-24 12:45:28'),
('87','3','137','Et totam recusandae in sit. Rem dolorem pariatur quod dolor repellendus reprehenderit autem. Voluptatem nihil voluptatem hic sapiente qui rem voluptatem.','non','5883',NULL,'1970-01-17 02:58:13','2008-10-05 01:32:44'),
('88','4','138','Mollitia dolor fugit voluptate ea similique. Pariatur nobis alias necessitatibus sint non quo consequatur repudiandae. Et modi labore non libero velit et.','eaque','380429',NULL,'2011-04-18 18:53:01','1996-03-11 15:04:09'),
('89','1','140','Nulla voluptatem qui doloribus autem et dolores quia maiores. Odit odio ducimus expedita quia fuga dolor ullam omnis. Voluptatem quis eligendi nobis nam quia. Voluptate fugit non omnis voluptates aspernatur non.','exercitationem','217725',NULL,'2019-01-29 11:38:31','1996-02-25 16:27:00'),
('90','2','141','Aperiam sequi possimus veritatis optio. Aut maxime et rem id aut voluptates. Non culpa soluta pariatur ut eaque rerum vitae. Aliquid sint facilis dolores sint aliquam voluptates.','est','4',NULL,'1986-07-28 12:47:15','2014-05-20 12:10:08'),
('91','3','142','Sunt et et ex nemo blanditiis. Eos ex rerum eum ratione maxime facilis. Blanditiis et nihil sunt totam non deleniti.','doloribus','445913739',NULL,'1983-11-02 22:00:14','1975-02-12 10:45:36'),
('92','4','143','Qui error dolor est quia autem. Assumenda nostrum temporibus quia veritatis doloribus unde animi. Non sunt debitis optio.','accusamus','4453778',NULL,'1990-02-21 21:47:26','1983-03-17 01:50:00'),
('93','1','144','Nemo maiores recusandae accusantium similique nihil aut quia aspernatur. Maiores rerum et quas ex possimus. Explicabo aperiam voluptates et nostrum minus. Aut dignissimos ut omnis fugit ipsam ea.','similique','8989',NULL,'1980-07-27 20:36:07','1993-09-30 22:37:36'),
('94','2','147','Occaecati et et molestias omnis temporibus. Nostrum consectetur sint omnis rerum unde quia id quis. Sint eveniet corporis quod voluptatem non vero et. Et voluptatum ut voluptatum aut eos.','culpa','64339751',NULL,'2019-10-04 12:55:10','1996-03-05 22:22:41'),
('95','3','148','Veniam eaque aut a nesciunt ut accusantium. Quia non voluptatem suscipit. Ea atque eveniet aut aut. Ut vitae fugit dolor.','animi','71452770',NULL,'1994-01-20 22:54:47','1997-04-11 16:16:48'),
('96','4','149','Soluta rerum dolorum inventore id minus rem iure. Laudantium autem ex deserunt quas sed illo. Et ut est ullam corrupti rem sint nulla vero. Dolorem laborum repudiandae illo corporis sed sed.','aliquam','99112259',NULL,'1981-05-24 22:49:37','1994-01-02 04:39:19'),
('97','1','150','Placeat perspiciatis dolor quam. Possimus dolorem enim rerum accusamus quo. Dolores eos aut amet deserunt perferendis asperiores. Sunt debitis hic rerum. Harum corrupti accusantium magni ullam quas est.','dolorem','23969897',NULL,'2016-01-27 15:11:45','2020-05-04 00:42:12'),
('98','2','151','Harum quasi omnis aut nihil praesentium dolores. Natus quas expedita aut autem fugiat. Consequatur ut at omnis est enim omnis temporibus.','laboriosam','27800896',NULL,'1985-11-23 16:32:01','2014-10-26 11:17:12'),
('99','3','153','Eum assumenda aut praesentium distinctio eius. Qui provident amet non voluptatibus. Veritatis veritatis accusamus ipsa.','sed','90824',NULL,'1987-10-02 20:03:58','1973-07-20 18:32:41'),
('100','4','155','Nemo optio iste aliquam id. Pariatur recusandae dolorem ipsum tempora et voluptatem doloribus. Aliquid voluptatum hic voluptas consequuntur.','dolorem','64237437',NULL,'2019-08-31 01:48:02','2002-09-25 08:01:29');


DROP TABLE IF EXISTS `media_types`;
CREATE TABLE `media_types` (
  `id` bigint(20) unsigned NOT NULL AUTO_INCREMENT,
  `name` varchar(255) COLLATE utf8_unicode_ci DEFAULT NULL,
  `created_at` datetime DEFAULT current_timestamp(),
  `updated_at` datetime DEFAULT NULL ON UPDATE current_timestamp(),
  UNIQUE KEY `id` (`id`)
) ENGINE=InnoDB AUTO_INCREMENT=5 DEFAULT CHARSET=utf8 COLLATE=utf8_unicode_ci;

INSERT INTO `media_types` VALUES ('1','veritatis','2010-04-08 00:46:29','2020-10-14 21:13:40'),
('2','esse','2020-02-25 23:47:20','2002-10-03 14:03:32'),
('3','error','2010-08-28 02:37:45','1991-01-23 23:07:44'),
('4','perspiciatis','2001-02-21 09:27:04','1999-11-17 19:31:29');


DROP TABLE IF EXISTS `messages`;
CREATE TABLE `messages` (
  `id` bigint(20) unsigned NOT NULL AUTO_INCREMENT,
  `from_user_id` bigint(20) unsigned NOT NULL,
  `to_user_id` bigint(20) unsigned NOT NULL,
  `body` text COLLATE utf8_unicode_ci DEFAULT NULL,
  `created_at` datetime DEFAULT current_timestamp(),
  UNIQUE KEY `id` (`id`),
  KEY `from_user_id` (`from_user_id`),
  KEY `to_user_id` (`to_user_id`),
  CONSTRAINT `messages_ibfk_1` FOREIGN KEY (`from_user_id`) REFERENCES `users` (`id`),
  CONSTRAINT `messages_ibfk_2` FOREIGN KEY (`to_user_id`) REFERENCES `users` (`id`)
) ENGINE=InnoDB AUTO_INCREMENT=101 DEFAULT CHARSET=utf8 COLLATE=utf8_unicode_ci;

INSERT INTO `messages` VALUES ('1','101','101','Totam optio cupiditate consequatur quo nulla amet alias. Rem enim vel consequatur magnam. Sit accusantium ad at culpa rerum.','2019-09-11 11:41:25'),
('2','102','102','Hic ab aut totam blanditiis. Asperiores sequi magni optio officia iste reprehenderit. Ratione quaerat in molestiae autem natus soluta. Dolor corporis a perferendis tempora rem.','1972-10-15 20:08:10'),
('3','104','104','Non blanditiis dolores eaque facilis nihil. Quia recusandae quasi tempora expedita illo.','1985-11-28 00:55:42'),
('4','106','106','At qui ducimus voluptatem eius nemo. Dicta adipisci impedit maxime fugit corporis quis ut. Minus maxime qui ut non.','1970-07-24 18:17:34'),
('5','107','107','Ex perferendis minus laudantium et. Eaque placeat quia culpa sunt minima eius omnis laboriosam. Nobis ipsum vitae et vitae aperiam.','1970-01-27 00:42:13'),
('6','109','109','Consequatur quasi dolores est voluptatem. Maiores exercitationem consectetur ullam itaque voluptatibus tenetur cumque. Distinctio est facere provident sed sed animi ab harum.','2015-01-18 09:43:52'),
('7','112','112','Molestiae rerum cupiditate aut. Doloribus quidem officiis ut corrupti. Atque nam corporis sapiente rerum aut consequatur quas. Soluta perspiciatis ut repellat cupiditate ut id.','1971-07-19 15:11:03'),
('8','114','114','Et reiciendis voluptas expedita quia aliquid soluta non. Cum voluptatibus consequatur quo velit nesciunt cupiditate sit veniam. Fuga quia accusamus ut nisi sunt at quos.','2018-06-11 10:42:40'),
('9','116','116','Quo veritatis reprehenderit et et aliquam atque. Qui placeat qui ipsam eum. Recusandae atque labore error est libero eaque sequi.','1994-11-04 13:48:39'),
('10','117','117','Et dolorum nemo voluptates esse natus rerum veniam. Ratione repellat deleniti unde dolores. Eaque ipsa sed cupiditate esse qui est. Inventore in tenetur eaque est cupiditate.','2015-10-07 04:58:41'),
('11','118','118','Ipsam sint quibusdam eum. Sed non animi vitae omnis. Qui molestias aut saepe iure id voluptas. Omnis commodi quia sint.','2001-01-21 08:28:21'),
('12','119','119','Est ipsum non voluptatum neque consequuntur suscipit error. Perferendis dolor rerum sit mollitia vero cumque.','1989-02-18 13:33:36'),
('13','120','120','Numquam non debitis voluptas natus ducimus eveniet. Error quia quos aliquam magni nostrum. Voluptatibus ut soluta eum labore quas. Accusamus est est id facilis consequatur inventore eveniet.','2016-07-05 11:25:52'),
('14','121','121','Nihil sint aut similique aperiam hic. Aperiam dolorum qui molestias molestiae tempore vitae. Voluptates iste accusamus earum officia debitis qui et voluptas.','2006-01-15 19:28:52'),
('15','123','123','Optio corporis qui aspernatur corporis ipsum at. Eos est minus ut vel. Qui molestiae maxime aliquid ab aut perferendis voluptatem.','2013-02-25 22:23:44'),
('16','124','124','Iusto quo delectus quod corrupti quia. Et nulla sit perferendis voluptatem vitae repellat. Impedit et sed nisi accusamus.','2003-01-12 02:45:50'),
('17','125','125','Et nesciunt quod deleniti recusandae voluptas omnis. Sed accusamus illum tempora et pariatur et. Nobis facilis tenetur ad architecto tempora a mollitia. Libero minima velit veritatis voluptatum.','2012-03-31 22:47:56'),
('18','126','126','Id soluta nostrum nisi minus molestias. Nisi ea voluptatibus aut suscipit. Recusandae earum molestiae qui ipsum dolorem. Illo voluptas aspernatur praesentium pariatur sit eius modi.','1989-01-18 04:37:25'),
('19','128','128','Dicta laboriosam hic quae est laboriosam nulla. Numquam molestiae natus facilis et consequuntur ab rerum. Placeat porro quam sit quae molestias. Ipsam quia praesentium nemo nisi recusandae.','1975-07-05 20:50:18'),
('20','129','129','Sit minima totam voluptates excepturi delectus et ut. Voluptatem rerum quo soluta vel consequatur. Porro velit impedit cupiditate optio nobis quia id.','2009-03-07 18:14:38'),
('21','131','131','Natus consectetur ut explicabo sint. Dolores voluptatem illo sequi. Aut iusto nulla libero nesciunt.','2011-05-16 14:42:07'),
('22','132','132','Facere provident iste nam quis commodi. Aut deleniti dignissimos animi sed beatae. Quam et quibusdam ab non.','1970-01-10 06:01:29'),
('23','134','134','Tempore voluptas autem occaecati qui saepe maxime quo et. Modi quos soluta pariatur illo pariatur dolores. Consequatur ut ut est fuga temporibus et magni hic. Dicta quis laboriosam voluptas iure cumque ut odit.','1985-10-19 23:52:21'),
('24','135','135','Ad suscipit dolorum et impedit et. Illum ratione vitae tenetur aut debitis. Autem odio aut sit.','2015-08-16 06:41:08'),
('25','137','137','Eos ex et veritatis dolorum blanditiis cupiditate facere quod. Aliquam maiores quidem officiis quo. Quo et aut accusamus. Dolorem modi qui incidunt libero repudiandae sint accusantium.','1983-08-18 07:30:54'),
('26','138','138','Veritatis aut iure quo rem quis iste. Ratione facere ut sunt officiis est. Omnis maiores illum vero aut praesentium ipsa.','1998-03-29 06:44:20'),
('27','140','140','Ut nisi accusamus ratione voluptatem quaerat ut. Sunt explicabo repudiandae est qui aliquam. Beatae dolor qui sunt et quibusdam aut. Sit molestias illum nam.','1998-04-10 02:48:59'),
('28','141','141','Temporibus qui enim laborum id commodi. Odio voluptatem dolore totam distinctio ipsa ut. Vero quibusdam iste itaque.','1975-01-08 07:43:58'),
('29','142','142','Qui ea molestiae repellat necessitatibus qui quia ab. Enim expedita rerum suscipit est esse voluptatum. Consequuntur possimus ut eum quos.','1978-09-30 05:42:04'),
('30','143','143','Quia quia molestiae officia sit placeat aspernatur voluptate. Illum facere exercitationem quasi iste et maiores. Mollitia magnam molestiae rerum eveniet occaecati quia.','1995-05-24 02:12:28'),
('31','144','144','Et quia quia praesentium laboriosam illo velit. Praesentium non molestias cupiditate quasi eius consequatur.','1986-06-18 21:29:45'),
('32','147','147','Inventore ut voluptas aperiam veniam rem deleniti corrupti. Nihil cumque provident illum itaque mollitia et. Laudantium magni voluptatem quia quae dolores est qui. Ut repellendus neque consequatur.','2010-10-26 17:15:35'),
('33','148','148','Cumque dolore consequatur eveniet non rem facilis ratione. Itaque voluptatem voluptas reprehenderit quia. Ea ut ea rerum.','2007-05-10 13:22:29'),
('34','149','149','Qui quis voluptatem saepe ut voluptatem iste. Cupiditate voluptatibus natus rerum ut optio. Impedit fugiat distinctio hic magni et provident mollitia. Aut hic sit atque rerum.','2007-12-16 11:56:16'),
('35','150','150','Alias quaerat ab aliquam et in velit ipsum. Labore veritatis sed est vero.','2010-07-31 10:36:06'),
('36','151','151','Exercitationem autem et voluptatem temporibus cum. Saepe et voluptatibus quis quia. Vero at adipisci consequatur.','1992-09-06 20:09:48'),
('37','153','153','Sed facere est velit. Sed dolorem modi accusamus facilis perferendis doloribus omnis. Voluptatem velit at quam et qui. Expedita qui qui at reiciendis quis temporibus.','2005-07-08 18:31:34'),
('38','155','155','Ipsam nihil ipsa labore mollitia. Ea corrupti saepe pariatur illum eos. In omnis fugit eos et eaque nisi ut. Consectetur eum beatae et officiis iste.','1980-11-20 04:50:01'),
('39','156','156','Eveniet dolores atque quia iure necessitatibus. Est molestiae totam ut cupiditate id. Eaque dolores non et natus sed sint et.','2012-11-23 16:13:48'),
('40','157','157','Est enim hic sit fugit porro quo explicabo. Accusantium labore blanditiis velit nostrum ratione.','2004-04-03 17:18:29'),
('41','158','158','Est sit eaque perspiciatis consequuntur nam culpa quo. Ut quos ut omnis ut. Itaque eveniet nesciunt velit veritatis. At saepe ipsum quaerat quis voluptatem.','1986-08-11 05:22:07'),
('42','160','160','Architecto repellendus commodi ex explicabo perspiciatis consequuntur repudiandae. Eum nobis dolor nemo sapiente id animi voluptas. Distinctio ex itaque deleniti architecto accusamus. Asperiores molestias at magni consectetur optio sed ut.','1979-10-04 14:51:55'),
('43','164','164','In debitis et pariatur. Enim et beatae neque sed eveniet asperiores et. Delectus explicabo consequatur quos reiciendis explicabo libero.','1988-02-01 09:31:56'),
('44','165','165','Voluptatem suscipit natus molestiae consequatur voluptatem soluta. Occaecati quibusdam autem consequatur est velit ipsam. Dolorem ut eveniet nihil quasi. Facilis quo quod rerum.','2000-01-18 23:48:44'),
('45','166','166','Dolor ipsa iste aut. Aliquam autem porro enim amet illum. Exercitationem fugiat velit at animi omnis qui. Quos vero repellendus error aut error.','1990-11-30 14:27:07'),
('46','167','167','Repellendus illum omnis fugit sit sequi nam. Atque culpa reprehenderit adipisci. Praesentium velit officia veritatis in.','1984-09-21 17:18:32'),
('47','168','168','Qui ex qui accusamus iusto corrupti. Non possimus porro quidem maiores amet. Aut vel facilis quas cum explicabo in.','1975-09-25 16:44:04'),
('48','169','169','Impedit non non maxime possimus id dolorem sequi. Ut maiores voluptas ex suscipit ullam. Accusantium quis ut perferendis. Et optio expedita quia numquam ut.','1978-12-18 04:19:20'),
('49','171','171','Qui deserunt magnam aut assumenda. Dolores voluptatibus magnam laboriosam. Vel perspiciatis beatae asperiores aliquid est repellat iste aliquid. Ut voluptas expedita ipsum molestiae unde autem.','1988-07-03 15:28:22'),
('50','173','173','Sed aperiam itaque at dolor quia accusantium repellat. Dolor nesciunt porro suscipit repellat. Voluptas nam ut deleniti nobis aut eius. Recusandae sit sunt ipsum sapiente qui.','2013-08-15 15:00:15'),
('51','174','174','Est cupiditate in in numquam commodi sunt fuga pariatur. Odio hic ab qui sapiente consectetur dolor. Facere id nam reiciendis consequatur facilis. Dignissimos sed tempora aperiam sed dolorum et doloremque dicta.','2004-01-07 21:01:09'),
('52','177','177','Consequatur aut iusto modi voluptas inventore distinctio eius. Eligendi quae necessitatibus autem sed. Voluptates doloribus suscipit non numquam minus quasi. Magnam eum asperiores nihil necessitatibus incidunt autem optio.','1997-10-06 19:57:41'),
('53','185','185','Dicta enim commodi suscipit inventore aut rerum vitae praesentium. Recusandae neque et error adipisci eligendi beatae. Optio est quisquam molestiae.','1988-12-22 20:18:00'),
('54','188','188','Excepturi eligendi expedita magnam fugit. Minus error sed rem. Accusamus quia temporibus unde et.','2008-09-11 02:46:34'),
('55','189','189','Et et quam id consequatur et qui. Error consectetur accusantium enim id cupiditate. Id et animi laudantium et magni qui quidem.','1994-07-26 19:18:59'),
('56','190','190','Ut cupiditate in veniam. Quia voluptatem aut fugiat quidem porro accusamus nobis sed. Placeat velit dolor ratione enim.','2004-06-01 13:47:33'),
('57','192','192','Dicta autem quis corporis quos cumque enim porro. Aut est vero sunt nihil aut eum et. Facilis suscipit ipsam molestiae excepturi fugiat quidem. Perspiciatis veniam ex commodi ea sed nihil.','1978-01-07 08:07:41'),
('58','194','194','Magni blanditiis pariatur consequatur voluptate eos corporis ducimus. Facere voluptatum fugiat alias praesentium sint ut dolores. Vel magnam quos non sint.','1987-09-27 02:54:50'),
('59','195','195','Veniam mollitia odit quidem et. Qui ab est repudiandae libero sequi optio ut qui. Exercitationem dolorem ex aperiam dolore alias quas deserunt.','1976-08-16 02:37:25'),
('60','198','198','Sit odio minus et in minus sint eveniet. Rerum sapiente est distinctio temporibus doloremque sed.','1996-10-16 14:23:43'),
('61','199','199','Rerum vel autem quo. Ipsam placeat cupiditate qui nulla ut. Consequatur asperiores reprehenderit et modi. Unde cupiditate impedit quia est quam et rem. Totam eum dolorum vitae tempore unde similique nisi ipsam.','1998-08-25 00:19:55'),
('62','200','200','Delectus quos ut optio. Unde amet omnis ea cum pariatur sint exercitationem. Dolor voluptatem et quia dolores quidem sunt aliquid laborum. Magni nam veniam modi.','2018-02-01 11:59:25'),
('63','101','101','Quibusdam dolor assumenda qui cumque est. Sed et nulla consequuntur qui consequatur. Unde est occaecati aut mollitia voluptates similique officiis.','1997-03-03 21:13:28'),
('64','102','102','Veniam dolorem reiciendis aut blanditiis voluptas eius. Non ullam molestias non aut ut sed.','1997-09-02 17:39:33'),
('65','104','104','Sed voluptatem deleniti iure sed natus. Consequatur consequatur laborum quisquam et vero consectetur qui. Consequatur delectus quae explicabo eos quia. Qui temporibus facilis et accusamus vero.','1982-08-22 04:54:59'),
('66','106','106','Sequi rerum quia vel quis assumenda. Nostrum sit sequi occaecati odio. Est quisquam magnam sit ratione sunt illo. Quae voluptatibus aut sit amet eveniet est.','2014-10-10 11:43:50'),
('67','107','107','Perferendis nihil quidem sit ducimus nobis atque dicta. Consequatur odio nam natus magnam id beatae facere maiores. Ea ab fuga et et atque qui.','1995-08-12 09:10:49'),
('68','109','109','Aut et magnam consequatur et incidunt odio id est. Aspernatur omnis quisquam ut voluptas qui tenetur. Impedit dolorum dolorum qui aliquam dolor quidem. Modi dolorem pariatur hic dolorem dolore. Assumenda ad voluptas accusantium.','2001-08-16 09:24:49'),
('69','112','112','Delectus veritatis fugiat aperiam illum nobis. Neque et et dolorem. Consequatur ut adipisci repellendus et.','1980-05-25 16:23:39'),
('70','114','114','Tempora nisi sunt excepturi fugiat consequatur. Officia beatae aut animi autem enim velit. Sit fugit quo vero et tempora rem. Quia et facere voluptatem quam sit. Atque ea fuga assumenda aut unde reiciendis.','2000-02-20 05:23:50'),
('71','116','116','Ad at mollitia minima consectetur cumque earum. Aliquid non ut vero non voluptates. Magni et nemo optio aut similique aut et.','2011-09-27 03:52:39'),
('72','117','117','Quibusdam quis consequuntur commodi fugiat delectus ut quia. Rem exercitationem voluptate dolore sit rerum. Aut totam magnam quod quisquam voluptate voluptates enim.','2005-08-22 10:06:44'),
('73','118','118','Culpa a dolor deserunt dolor magni minima quam. Voluptatum suscipit molestiae adipisci excepturi eum.','2018-09-12 17:18:13'),
('74','119','119','Molestiae id dolores eveniet aspernatur. Itaque facere harum molestias quas et. Qui magni ratione nostrum dolore necessitatibus minima.','1971-12-05 11:02:56'),
('75','120','120','Et sed id mollitia deserunt. Laborum consequatur id consequuntur id repudiandae. Culpa laudantium aut dolorem atque asperiores fuga nostrum. Molestias eius architecto et provident perspiciatis qui numquam excepturi.','1995-03-24 17:04:13'),
('76','121','121','Adipisci vel commodi voluptatum molestiae voluptatem qui at dolores. Aperiam rerum ipsam sit tempora voluptatem ea. Suscipit maxime at reprehenderit ut numquam. Voluptas vero autem et. Corrupti qui amet corrupti et repudiandae ullam error.','1978-12-26 04:34:55'),
('77','123','123','Recusandae iure qui omnis nihil enim sint et voluptatem. Eos hic maxime exercitationem debitis nostrum voluptatem nesciunt perspiciatis. Rem voluptatem vero voluptatem iste.','1993-07-01 02:17:08'),
('78','124','124','Nostrum consequuntur eum in aliquid quidem. Omnis similique aut quos non molestias laudantium repellendus et. Quaerat impedit molestiae iure nisi dicta nihil totam non. Impedit recusandae dolorum est ex provident iure tempore repudiandae.','1978-10-07 06:55:44'),
('79','125','125','Molestiae quisquam minima et debitis quasi quaerat. Occaecati aut quo veniam in odio nesciunt praesentium.','2001-10-26 15:32:41'),
('80','126','126','Iste voluptas ea inventore placeat eos est. Voluptatem mollitia eaque quod voluptates. Neque esse occaecati quae est cum ea nemo eaque.','1990-05-05 05:27:49'),
('81','128','128','Saepe cum repellendus aperiam sit. Quia dolore soluta veritatis sit soluta eos enim. Ut nulla deserunt inventore distinctio placeat est sapiente vero. Ea et sapiente ex impedit.','2010-09-15 00:36:32'),
('82','129','129','Quam et quisquam quo est. Qui quia qui quisquam quas nobis.','2020-08-18 08:12:18'),
('83','131','131','Et non dolor rem nulla. Excepturi quos reiciendis tenetur id. Doloremque rerum sit minus labore et.','2011-04-10 16:28:15'),
('84','132','132','Beatae adipisci ut ut harum ullam in. Dolorem consectetur et necessitatibus voluptas dignissimos impedit nihil voluptates. Rem veritatis explicabo alias officia quasi molestiae ea. Est aliquam vitae optio reiciendis.','2014-11-28 12:30:16'),
('85','134','134','Quas hic dolor dolorum quia qui. Consectetur at necessitatibus dolorum labore quo. Consequatur sed porro repellat voluptatem accusantium soluta amet cum. Nemo est dolor sunt dolores.','1974-04-29 18:54:17'),
('86','135','135','Molestias dolorem consectetur doloremque. Rerum aspernatur vel aut sequi ut qui. Consectetur nihil eos dolore porro aut esse. Aut velit repudiandae eos quae quia sapiente perferendis. Porro est facere sapiente quis.','1993-01-26 14:29:41'),
('87','137','137','Sit suscipit quasi est reiciendis neque. Totam neque ratione rem. Vel laudantium quas reiciendis saepe.','2016-07-24 11:02:28'),
('88','138','138','Labore unde voluptatum repudiandae autem et ut. Soluta molestiae molestiae velit eos eum. Necessitatibus neque corporis officia qui.','1976-11-27 18:44:48'),
('89','140','140','Laboriosam qui dolores velit similique fugiat voluptatem facilis. Ea voluptatem maiores aut aliquam sunt laboriosam tempora. Cumque quia tenetur tenetur id a eum. Et dolor exercitationem nobis dolore dolores.','1993-07-20 19:41:53'),
('90','141','141','Nihil aut aliquam id sed unde. Dolores sint rerum omnis necessitatibus provident voluptas. Ullam quae saepe fugiat qui neque esse itaque.','2003-06-19 04:17:49'),
('91','142','142','Mollitia voluptate facilis atque ad ex mollitia sint. Sit sint suscipit maxime at. Quia quis assumenda inventore aut. Molestiae architecto dolor aut quis temporibus corrupti.','1989-04-07 08:40:50'),
('92','143','143','Autem quo sed quia sint. Qui eveniet reprehenderit ipsum repudiandae necessitatibus. Voluptatem sunt corporis quibusdam voluptatem itaque distinctio sunt.','2017-02-01 11:45:37'),
('93','144','144','Suscipit accusamus repellat consequatur natus delectus. Id sunt qui temporibus autem repellendus. Officia eos repellendus architecto placeat voluptatem nisi.','1999-10-29 03:45:47'),
('94','147','147','Quis qui ea esse voluptates quidem. Est animi eos qui sit iusto sequi.','1990-08-31 20:13:39'),
('95','148','148','Explicabo quo sed et possimus expedita. Dolor dolores odio et voluptas vero. Porro atque quasi aut qui labore beatae sed. Consequatur at doloribus ipsam molestiae rerum asperiores explicabo.','2012-09-07 00:56:15'),
('96','149','149','Recusandae corporis nisi omnis provident. Laboriosam et voluptatibus cumque consectetur architecto quia similique. In vero at adipisci officiis voluptatum et.','1992-06-04 21:35:38'),
('97','150','150','Ut in minus ut quaerat voluptates non. Eveniet quibusdam officia placeat optio quo iure.','2018-02-15 08:15:28'),
('98','151','151','Qui voluptatum cupiditate dolorem. Omnis id debitis qui facilis velit. Et nihil sunt blanditiis quis. Autem reiciendis libero iure.','2001-11-19 11:54:18'),
('99','153','153','Culpa rerum eos expedita rerum. Pariatur quisquam provident deleniti deserunt ut.','1977-09-23 05:47:22'),
('100','155','155','Eius facilis nihil et sed facilis voluptas dolor. Et doloribus aut saepe fugiat est. Earum dolores beatae eius. Nobis ullam dolorem reiciendis ad.','2012-10-22 13:20:56');


DROP TABLE IF EXISTS `photo_albums`;
CREATE TABLE `photo_albums` (
  `id` bigint(20) unsigned NOT NULL AUTO_INCREMENT,
  `name` varchar(255) COLLATE utf8_unicode_ci DEFAULT NULL,
  `user_id` bigint(20) unsigned DEFAULT NULL,
  PRIMARY KEY (`id`),
  UNIQUE KEY `id` (`id`),
  KEY `user_id` (`user_id`),
  CONSTRAINT `photo_albums_ibfk_1` FOREIGN KEY (`user_id`) REFERENCES `users` (`id`)
) ENGINE=InnoDB AUTO_INCREMENT=101 DEFAULT CHARSET=utf8 COLLATE=utf8_unicode_ci;

INSERT INTO `photo_albums` VALUES ('1','minus','101'),
('2','vero','102'),
('3','rerum','104'),
('4','consectetur','106'),
('5','delectus','107'),
('6','ratione','109'),
('7','expedita','112'),
('8','nulla','114'),
('9','deleniti','116'),
('10','est','117'),
('11','eveniet','118'),
('12','inventore','119'),
('13','assumenda','120'),
('14','autem','121'),
('15','labore','123'),
('16','quasi','124'),
('17','suscipit','125'),
('18','asperiores','126'),
('19','dolores','128'),
('20','ut','129'),
('21','quae','131'),
('22','voluptas','132'),
('23','libero','134'),
('24','nobis','135'),
('25','esse','137'),
('26','hic','138'),
('27','quidem','140'),
('28','suscipit','141'),
('29','dolor','142'),
('30','ut','143'),
('31','sed','144'),
('32','suscipit','147'),
('33','nostrum','148'),
('34','odio','149'),
('35','provident','150'),
('36','nemo','151'),
('37','ut','153'),
('38','fugit','155'),
('39','necessitatibus','156'),
('40','fugit','157'),
('41','aliquam','158'),
('42','assumenda','160'),
('43','iste','164'),
('44','sit','165'),
('45','tempore','166'),
('46','quod','167'),
('47','iusto','168'),
('48','magnam','169'),
('49','labore','171'),
('50','exercitationem','173'),
('51','aut','174'),
('52','aut','177'),
('53','impedit','185'),
('54','sint','188'),
('55','aut','189'),
('56','perferendis','190'),
('57','enim','192'),
('58','vero','194'),
('59','voluptates','195'),
('60','sit','198'),
('61','ipsam','199'),
('62','voluptatibus','200'),
('63','voluptatem','101'),
('64','et','102'),
('65','earum','104'),
('66','est','106'),
('67','nobis','107'),
('68','alias','109'),
('69','eaque','112'),
('70','voluptatem','114'),
('71','laudantium','116'),
('72','quia','117'),
('73','aut','118'),
('74','vel','119'),
('75','sed','120'),
('76','corrupti','121'),
('77','tenetur','123'),
('78','et','124'),
('79','debitis','125'),
('80','veritatis','126'),
('81','molestiae','128'),
('82','est','129'),
('83','consequatur','131'),
('84','assumenda','132'),
('85','et','134'),
('86','cum','135'),
('87','voluptatem','137'),
('88','vel','138'),
('89','sit','140'),
('90','molestiae','141'),
('91','quibusdam','142'),
('92','nulla','143'),
('93','debitis','144'),
('94','eum','147'),
('95','voluptate','148'),
('96','et','149'),
('97','qui','150'),
('98','voluptatibus','151'),
('99','delectus','153'),
('100','beatae','155');


DROP TABLE IF EXISTS `photos`;
CREATE TABLE `photos` (
  `id` bigint(20) unsigned NOT NULL AUTO_INCREMENT,
  `album_id` bigint(20) unsigned DEFAULT NULL,
  `media_id` bigint(20) unsigned NOT NULL,
  UNIQUE KEY `id` (`id`),
  KEY `album_id` (`album_id`),
  KEY `media_id` (`media_id`),
  CONSTRAINT `photos_ibfk_1` FOREIGN KEY (`album_id`) REFERENCES `photo_albums` (`id`),
  CONSTRAINT `photos_ibfk_2` FOREIGN KEY (`media_id`) REFERENCES `media` (`id`)
) ENGINE=InnoDB AUTO_INCREMENT=101 DEFAULT CHARSET=utf8 COLLATE=utf8_unicode_ci;

INSERT INTO `photos` VALUES ('1','1','1'),
('2','2','2'),
('3','3','3'),
('4','4','4'),
('5','5','5'),
('6','6','6'),
('7','7','7'),
('8','8','8'),
('9','9','9'),
('10','10','10'),
('11','11','11'),
('12','12','12'),
('13','13','13'),
('14','14','14'),
('15','15','15'),
('16','16','16'),
('17','17','17'),
('18','18','18'),
('19','19','19'),
('20','20','20'),
('21','21','21'),
('22','22','22'),
('23','23','23'),
('24','24','24'),
('25','25','25'),
('26','26','26'),
('27','27','27'),
('28','28','28'),
('29','29','29'),
('30','30','30'),
('31','31','31'),
('32','32','32'),
('33','33','33'),
('34','34','34'),
('35','35','35'),
('36','36','36'),
('37','37','37'),
('38','38','38'),
('39','39','39'),
('40','40','40'),
('41','41','41'),
('42','42','42'),
('43','43','43'),
('44','44','44'),
('45','45','45'),
('46','46','46'),
('47','47','47'),
('48','48','48'),
('49','49','49'),
('50','50','50'),
('51','51','51'),
('52','52','52'),
('53','53','53'),
('54','54','54'),
('55','55','55'),
('56','56','56'),
('57','57','57'),
('58','58','58'),
('59','59','59'),
('60','60','60'),
('61','61','61'),
('62','62','62'),
('63','63','63'),
('64','64','64'),
('65','65','65'),
('66','66','66'),
('67','67','67'),
('68','68','68'),
('69','69','69'),
('70','70','70'),
('71','71','71'),
('72','72','72'),
('73','73','73'),
('74','74','74'),
('75','75','75'),
('76','76','76'),
('77','77','77'),
('78','78','78'),
('79','79','79'),
('80','80','80'),
('81','81','81'),
('82','82','82'),
('83','83','83'),
('84','84','84'),
('85','85','85'),
('86','86','86'),
('87','87','87'),
('88','88','88'),
('89','89','89'),
('90','90','90'),
('91','91','91'),
('92','92','92'),
('93','93','93'),
('94','94','94'),
('95','95','95'),
('96','96','96'),
('97','97','97'),
('98','98','98'),
('99','99','99'),
('100','100','100');


DROP TABLE IF EXISTS `profiles`;
CREATE TABLE `profiles` (
  `user_id` bigint(20) unsigned NOT NULL,
  `gender` char(1) COLLATE utf8_unicode_ci DEFAULT NULL,
  `birthday` date DEFAULT NULL,
  `photo_id` bigint(20) unsigned DEFAULT NULL,
  `created_at` datetime DEFAULT current_timestamp(),
  `hometown` varchar(100) COLLATE utf8_unicode_ci DEFAULT NULL,
  UNIQUE KEY `user_id` (`user_id`),
  CONSTRAINT `fk_user_id` FOREIGN KEY (`user_id`) REFERENCES `users` (`id`) ON DELETE NO ACTION ON UPDATE CASCADE
) ENGINE=InnoDB DEFAULT CHARSET=utf8 COLLATE=utf8_unicode_ci;

INSERT INTO `profiles` VALUES ('101',NULL,'2020-08-04','1','2005-11-07 17:20:07',NULL),
('102',NULL,'1973-04-17','2','1994-10-28 21:06:48',NULL),
('104',NULL,'1983-08-12','3','2005-08-16 11:20:38',NULL),
('106',NULL,'2016-04-07','4','2019-07-03 16:33:42',NULL),
('107',NULL,'2004-07-23','5','2000-12-01 18:36:54',NULL),
('109',NULL,'1992-07-09','6','2013-06-22 18:32:48',NULL),
('112',NULL,'1977-12-02','7','1982-01-25 15:51:34',NULL),
('114',NULL,'1988-05-22','8','2019-12-17 17:27:41',NULL),
('116',NULL,'1997-03-23','9','1974-06-09 21:36:26',NULL),
('117',NULL,'1993-11-10','10','2017-02-26 17:49:18',NULL),
('118',NULL,'1983-11-22','11','1970-05-05 12:44:44',NULL),
('119',NULL,'1970-04-19','12','1988-06-26 10:31:26',NULL),
('120',NULL,'1992-03-15','13','2009-03-28 10:35:06',NULL),
('121',NULL,'1981-09-02','14','1972-08-16 20:56:00',NULL),
('123',NULL,'2011-06-17','15','2016-01-18 23:57:05',NULL),
('124',NULL,'1982-01-01','16','1981-03-21 12:30:48',NULL),
('125',NULL,'1978-08-25','17','2003-06-14 19:55:44',NULL),
('126',NULL,'2002-02-05','18','2010-02-19 21:46:28',NULL),
('128',NULL,'2001-11-08','19','1984-08-08 11:55:45',NULL),
('129',NULL,'1972-11-17','20','1995-01-13 19:21:06',NULL),
('131',NULL,'1986-07-13','21','1974-05-04 09:51:32',NULL),
('132',NULL,'2016-02-28','22','2017-11-14 20:14:19',NULL),
('134',NULL,'1997-05-31','23','2010-10-11 21:51:47',NULL),
('135',NULL,'1986-02-21','24','1990-05-19 00:07:27',NULL),
('137',NULL,'1993-12-08','25','1979-04-05 17:08:27',NULL),
('138',NULL,'1980-07-08','26','2000-10-13 18:08:25',NULL),
('140',NULL,'1987-09-21','27','2018-09-18 15:34:02',NULL),
('141',NULL,'1992-08-20','28','1981-10-05 20:37:22',NULL),
('142',NULL,'1993-04-29','29','2002-06-01 05:45:59',NULL),
('143',NULL,'1991-07-19','30','1993-02-24 22:16:09',NULL),
('144',NULL,'2003-08-04','31','2011-01-19 20:09:38',NULL),
('147',NULL,'1970-10-07','32','2018-10-03 11:05:11',NULL),
('148',NULL,'1994-02-10','33','1979-09-07 10:01:53',NULL),
('149',NULL,'1999-08-12','34','2018-04-06 14:39:50',NULL),
('150',NULL,'1979-04-16','35','1985-06-17 12:32:03',NULL),
('151',NULL,'2020-11-26','36','1985-10-01 15:42:55',NULL),
('153',NULL,'2013-03-12','37','2020-09-20 10:30:39',NULL),
('155',NULL,'2005-09-12','38','1973-09-07 04:14:24',NULL),
('156',NULL,'1990-03-06','39','1978-06-06 13:11:10',NULL),
('157',NULL,'2010-04-15','40','2019-02-06 23:09:53',NULL),
('158',NULL,'1976-01-25','41','1983-07-13 06:42:16',NULL),
('160',NULL,'1998-02-03','42','2005-11-11 13:48:51',NULL),
('164',NULL,'2013-04-05','43','1973-02-15 13:16:32',NULL),
('165',NULL,'1993-05-22','44','2008-02-12 05:15:36',NULL),
('166',NULL,'1992-05-04','45','1992-08-05 10:09:55',NULL),
('167',NULL,'1984-07-08','46','2000-09-02 07:13:26',NULL),
('168',NULL,'1971-08-09','47','1983-12-26 19:48:16',NULL),
('169',NULL,'1974-11-07','48','1980-10-01 19:36:17',NULL),
('171',NULL,'2015-05-12','49','1989-01-25 15:38:51',NULL),
('173',NULL,'2007-03-31','50','2018-03-20 21:08:06',NULL),
('174',NULL,'1973-02-20','51','1981-06-08 18:58:33',NULL),
('177',NULL,'2006-12-05','52','2019-01-12 05:23:38',NULL),
('185',NULL,'1975-10-10','53','1994-06-29 15:03:48',NULL),
('188',NULL,'1974-01-19','54','2010-02-10 07:15:32',NULL),
('189',NULL,'1991-10-26','55','1972-10-14 06:25:39',NULL),
('190',NULL,'1984-01-16','56','1978-03-12 20:34:54',NULL),
('192',NULL,'2010-12-27','57','1970-03-09 05:11:47',NULL),
('194',NULL,'2002-04-13','58','2002-09-23 01:02:21',NULL),
('195',NULL,'1974-01-23','59','1978-01-10 00:47:02',NULL),
('198',NULL,'2002-01-01','60','1998-03-03 17:56:41',NULL),
('199',NULL,'1984-05-20','61','2020-09-25 16:05:18',NULL),
('200',NULL,'1993-09-23','62','1991-09-20 19:57:08',NULL);


DROP TABLE IF EXISTS `users`;
CREATE TABLE `users` (
  `id` bigint(20) unsigned NOT NULL AUTO_INCREMENT,
  `firstname` varchar(50) COLLATE utf8_unicode_ci DEFAULT NULL,
  `lastname` varchar(50) COLLATE utf8_unicode_ci DEFAULT NULL COMMENT 'Фамиль',
  `email` varchar(120) COLLATE utf8_unicode_ci DEFAULT NULL,
  `password_hash` varchar(100) COLLATE utf8_unicode_ci DEFAULT NULL,
  `phone` bigint(20) unsigned DEFAULT NULL,
  PRIMARY KEY (`id`),
  UNIQUE KEY `email` (`email`),
  UNIQUE KEY `phone` (`phone`),
  KEY `users_firstname_lastname_idx` (`firstname`,`lastname`)
) ENGINE=InnoDB AUTO_INCREMENT=201 DEFAULT CHARSET=utf8 COLLATE=utf8_unicode_ci COMMENT='юзеры';

INSERT INTO `users` VALUES ('101','Lyla','McLaughlin','conn.addie@example.org','bf889db271c10351fbc6fd8d45116a84b10df94f','684217'),
('102','Brandy','Wolf','christopher.barrows@example.org','7f9421bf9642be7f27b744810e3f2d5b34930095','1'),
('104','Alana','Schaden','linnie79@example.net','1920aabf63a6f2d414ab70516434e57c13288d30','0'),
('106','Tod','Wuckert','iva.lubowitz@example.org','ffc4fcc6ee6c7a7621ddfab780ba77c4aeb3ea3f','301'),
('107','Rowan','Schuster','dashawn51@example.org','82cae21edb5ad033da37512005dda81e5b9f76de','624'),
('109','Francisca','Kozey','gretchen.williamson@example.org','aeaa5b0caa0b6dd146e46e75be6361d58354d9ed','567257'),
('112','Fred','Smith','xrau@example.net','262fac626801bf1931ae87b5c2fc58a63be1052a','48'),
('114','Joesph','Kunze','valerie.watsica@example.com','e6b9a0dbc081aaad6e6a844006c1d879c8586114','4320501725'),
('116','Orrin','Wuckert','ellsworth.herzog@example.com','d1843e1c4b38b3cdecb76939c8c0ffcae3d6219f','3927112654'),
('117','Matilda','Kihn','greenfelder.bernadine@example.org','9ecd5a97048ec102275abc044e6e409ce05b3d3f','508'),
('118','Mateo','Koelpin','greenfelder.jonathon@example.org','1617892b83c51e7d4aef8b0f25ed325bc20ecd5a','360'),
('119','Mackenzie','Von','blanda.jaron@example.net','3944bd3d22de59cb25548a05c21af16d45515ca8','622952'),
('120','Gwendolyn','Konopelski','atoy@example.com','0c79d9b5e1d4463caad701a6a289a844d0c58ede','6000759378'),
('121','Nels','Heaney','reichel.trenton@example.org','48724f787caa07c9116bcaeb3bd14faaa96f362f','388588'),
('123','Delmer','Windler','stokes.vanessa@example.net','9cd196c70e5b777b92464f1ec16afd58988c4b90','491'),
('124','Gerry','Von','rhett72@example.com','ec4f28a3026063cab3acc24404fbe06b07256290','649037'),
('125','Abe','Kshlerin','effertz.tressa@example.net','74ff0edd4e2142b7798fa204e3cc877e47964b48','626'),
('126','Mario','Reilly','wboyer@example.com','43f55a430fc381be58d3e492c09afbd457a51a85','980'),
('128','Berenice','Abernathy','zwatsica@example.org','57d312ccf4f6309860e064d3e1d866a9a456b824','720019'),
('129','Althea','Blick','martin.moore@example.com','70d18dc70d950e2982d2c509b24487982fb41956','665221'),
('131','Kenyon','Harris','deanna34@example.org','723abfd4b3c47982e8c41c55f69cb23768acbdfd','19'),
('132','Elvera','Dach','audra36@example.com','42e398cce284201cfb5a6713b12beaa3896d312a','4058756464'),
('134','Alexanne','Carter','sauer.una@example.org','6d30e5984b9afb8882ef876056016e326601449c','2489912258'),
('135','Elfrieda','Kub','swatsica@example.com','5539d5825b3ef76b7d79dbe433efc5a96cc5d456','402651'),
('137','Rickey','Cruickshank','lydia.buckridge@example.net','7492a6ac55a9b0a32ba896df5af49ff9af31f877','260664'),
('138','Kaya','Gibson','veum.shakira@example.net','3852e4f742fc1d6b35128d5103684bbd469ec64e','911539'),
('140','Lexie','Ortiz','valentin.kunze@example.org','a1ac0cdc3d062290f4461fa3120d117514cf61d5','717999'),
('141','Rex','Kunze','nrussel@example.net','8053af4cb42c9e0d837d7b14cb94df9dab5e7743','266797'),
('142','Cheyanne','Ernser','ovolkman@example.com','bc15f82ed0ec020d3916d71098aa7edec400970f','615'),
('143','Donato','Rice','nfritsch@example.com','630614dd200028f4ce0cd767c2af0507067080f7','86'),
('144','Titus','Halvorson','cora.bailey@example.com','93da363e711b0d00a55a46a6a5d7207c06b2dfd8','6471258629'),
('147','Gerson','Cremin','rwiegand@example.org','e8468de3778cd991087e91a88fdd8cb7c3bcb31b','294387'),
('148','Presley','Zboncak','catherine37@example.com','cbff065205b86eed274bb0479b4255047506261b','81'),
('149','Nikita','Bradtke','jacobs.hosea@example.net','9493643e7b6b2cc9fdabd8d36d7f2655cabc27bb','821016989'),
('150','Brandyn','Schneider','kunde.eli@example.org','bb3b829266e98b27de58e49da228d6b514a2f433','759881'),
('151','Loy','O\'Reilly','cupton@example.com','05a504894c29aeed1ec42c72e520fd076f4260b4','3007626415'),
('153','Beulah','Little','dakota44@example.org','f11038b645b1244ef06a10f1f3d9371a489c1eb1','818251'),
('155','Helen','Harber','tatum69@example.net','78c4674e550cd625f94cd9a39a0259bb522d8740','309229'),
('156','Willa','Price','regan85@example.org','a4df0ab7193f2b258b7e5157f5162d4b3ba2e1a3','546104'),
('157','Kyra','Reilly','joesph16@example.com','7c35d6e7d997efe0733d033708e3c47ddeae4b3b','799'),
('158','Imogene','Blanda','glover.maverick@example.com','5cc8777b0193d46499de03bbfbfe49f20816f0e7','681'),
('160','Jacinthe','Lindgren','carlotta01@example.com','cdba3435e23ead5aabe72c21e5f95e195f3bd32d','817'),
('164','Lizzie','Hills','bwolf@example.org','e04b4b93c9b426128b03b7f9a8e1b5bec27778bc','744835'),
('165','Nelle','McLaughlin','jan26@example.com','980012d4165eb6e6517fe5cd6cfd6e4b6f801224','2569225222'),
('166','Coleman','Toy','grimes.rosemarie@example.net','2cba821420a8f0278682b8d3c165c3d214292d50','36'),
('167','Aaliyah','Lehner','zemlak.anibal@example.org','f5070d76f7ae8a3ee6a85a84aeaf4424759629e8','918'),
('168','Napoleon','Wilkinson','mohamed74@example.com','bce9135b3de8b0e85628c0e30ecfdb208a49ccd0','104'),
('169','Donavon','Cremin','fkub@example.com','e758c2a3dc74796061a880f47d813ea18dad9bdc','593459'),
('171','Anabelle','Harber','cathy15@example.org','1b11d66d7dd9ae907c8029f25c21b87412f545aa','672'),
('173','Alexie','Pouros','hnienow@example.org','dcfff146af2f5b6b0a47dc6c802f4c4ef982ef60','419009'),
('174','Jany','Mohr','valentine66@example.com','05339675e8f549b658781be339eef9dd79feed91','59'),
('177','Lonzo','Padberg','tiana.schuster@example.com','28425f1e26c4b11e4c6ba36e6ec6f241e1b968dd','468'),
('185','Lionel','Dach','danielle81@example.net','d5f7e8687d8eb9a85f86ebaa4dfb84a2e3b7265d','64'),
('188','Kayley','Medhurst','celestino.flatley@example.org','8487ba59fdd4fe7ff2d8c5511ce39f3b3af28f28','9105212890'),
('189','Sim','Crist','eanderson@example.com','0dc8be3d713070725c7f6fe14c1d590c974a9d4c','971486'),
('190','Bethany','Mante','giovani.muller@example.com','6cfcd7975339bb1092892c89dd31dc64c942b027','996773'),
('192','Krystel','Murray','jefferey.kemmer@example.org','3c46c605d859620218356e9f1d7f50e589f04ec2','302714'),
('194','Lon','Borer','ao\'conner@example.org','0296ce92b98da7a5efe859cc6254776358cdf970','350'),
('195','Lulu','Greenholt','kihn.gertrude@example.org','027e9c065e87bf1e662691b1b0fa8bed830bdc1e','322'),
('198','Asha','Mante','tgoodwin@example.com','509fc7c45dd625e43d87e64a97297c78f84a0fe9','733918'),
('199','Mavis','Keeling','collins.lurline@example.org','2ca270f6208d8801dc338a9de2f5da567d4412cd','710593'),
('200','Lexie','Moen','devante88@example.org','075a271ba5ebcec2d79709c3ed194f2ccd50502e','10');


DROP TABLE IF EXISTS `users_communities`;
CREATE TABLE `users_communities` (
  `user_id` bigint(20) unsigned NOT NULL,
  `community_id` bigint(20) unsigned NOT NULL,
  PRIMARY KEY (`user_id`,`community_id`),
  KEY `community_id` (`community_id`),
  CONSTRAINT `users_communities_ibfk_1` FOREIGN KEY (`user_id`) REFERENCES `users` (`id`),
  CONSTRAINT `users_communities_ibfk_2` FOREIGN KEY (`community_id`) REFERENCES `communities` (`id`)
) ENGINE=InnoDB DEFAULT CHARSET=utf8 COLLATE=utf8_unicode_ci;

INSERT INTO `users_communities` VALUES ('101','1'),
('101','63'),
('102','2'),
('102','64'),
('104','3'),
('104','65'),
('106','4'),
('106','66'),
('107','5'),
('107','67'),
('109','6'),
('109','68'),
('112','7'),
('112','69'),
('114','8'),
('114','70'),
('116','9'),
('116','71'),
('117','10'),
('117','72'),
('118','11'),
('118','73'),
('119','12'),
('119','74'),
('120','13'),
('120','75'),
('121','14'),
('121','76'),
('123','15'),
('123','77'),
('124','16'),
('124','78'),
('125','17'),
('125','79'),
('126','18'),
('126','80'),
('128','19'),
('128','81'),
('129','20'),
('129','82'),
('131','21'),
('131','83'),
('132','22'),
('132','84'),
('134','23'),
('134','85'),
('135','24'),
('135','86'),
('137','25'),
('137','87'),
('138','26'),
('138','88'),
('140','27'),
('140','89'),
('141','28'),
('141','90'),
('142','29'),
('142','91'),
('143','30'),
('143','92'),
('144','31'),
('144','93'),
('147','32'),
('147','94'),
('148','33'),
('148','95'),
('149','34'),
('149','96'),
('150','35'),
('150','97'),
('151','36'),
('151','98'),
('153','37'),
('153','99'),
('155','38'),
('155','100'),
('156','39'),
('157','40'),
('158','41'),
('160','42'),
('164','43'),
('165','44'),
('166','45'),
('167','46'),
('168','47'),
('169','48'),
('171','49'),
('173','50'),
('174','51'),
('177','52'),
('185','53'),
('188','54'),
('189','55'),
('190','56'),
('192','57'),
('194','58'),
('195','59'),
('198','60'),
('199','61'),
('200','62');




/*!40101 SET SQL_MODE=@OLD_SQL_MODE */;
/*!40014 SET FOREIGN_KEY_CHECKS=@OLD_FOREIGN_KEY_CHECKS */;
/*!40014 SET UNIQUE_CHECKS=@OLD_UNIQUE_CHECKS */;
/*!40101 SET CHARACTER_SET_CLIENT=@OLD_CHARACTER_SET_CLIENT */;
/*!40101 SET CHARACTER_SET_RESULTS=@OLD_CHARACTER_SET_RESULTS */;
/*!40101 SET COLLATION_CONNECTION=@OLD_COLLATION_CONNECTION */;
/*!40111 SET SQL_NOTES=@OLD_SQL_NOTES */;

